{
    "0": [
        -2.7329896548418287,
        -0.10961770540490096,
        0.3203295852534471,
        -1.0537165156179735,
        0.9110109989776655,
        0.8373802463106187,
        0.23676400373014467,
        0.9365348355068456,
        1.0054449997422554,
        0.1162461007346411,
        -0.28430766669045543,
        0.12491980376480281,
        0.03351221394694799,
        1.3108737185016683,
        0.35993000077901105,
        0.5112504045387397,
        0.30615195293993186,
        -0.3025527352826451
    ],
    "1": [
        -3.9207657682238923,
        -0.20138643107722995,
        0.09714978352467729,
        -0.8825080845195896,
        -0.6063997883049516,
        1.065901290399298,
        -1.5463567220667396,
        -0.24978257709031773,
        -0.7649204568144514,
        -0.41996262892931,
        1.11871538974538,
        0.6562925673877257,
        -0.1334051750231524,
        -1.0498280900008585,
        -0.578725693311117,
        -0.051821387879315374,
        -0.39677619278669557,
        -0.01508511707703044
    ],
    "2": [
        -3.8160029868053646,
        0.3306428100691174,
        -0.9213931076983645,
        0.14648903576012778,
        -1.8969596486980496,
        -0.0643575477531155,
        1.5599388091171795,
        -0.2991030971930598,
        1.365467040492115,
        -0.20945740614886083,
        -0.7131266701874289,
        -0.6197726070078835,
        0.08660063558457642,
        -0.29033585205471757,
        0.9287039174011327,
        -0.15578350750558823,
        0.05853477172538388,
        -0.18893394570974495
    ],
    "3": [
        -2.55608755994884,
        0.08545147939455487,
        0.35385008849985045,
        1.3472997497117902,
        1.9619083327099751,
        -1.5372620347950032,
        0.4907695219367389,
        -1.2494414385629768,
        -1.7547738429142887,
        0.7354546492780069,
        0.11196334532333169,
        -0.07320263167132658,
        0.017948072241146876,
        0.13515278631045927,
        -0.604646284967736,
        -0.26629261979310825,
        -0.18680034366876203,
        0.5748991350791794
    ]
}