{
    "0": [
        -0.9449933932655326,
        -0.0010789296464907535,
        0.05256707760308218,
        -0.4995078853773838,
        0.36100707917225283,
        0.502506163735955,
        0.31122553667967934,
        0.8509842810704519,
        0.6918795066766263,
        0.06626905137346481,
        0.08085034613803534,
        0.04470200371254693,
        0.019338356000787548,
        0.7530596844908358,
        0.023356717173813265,
        0.07361227643356939,
        0.03150018426110612,
        -0.026716334448685448
    ],
    "1": [
        -1.3482958221175814,
        -0.020663655001149313,
        -0.006630261749570362,
        -0.42441566389371904,
        -0.5746189083010896,
        0.4241169769408472,
        -0.8877231511873547,
        -0.2671950664208436,
        -0.36086778365308503,
        0.04534243655861527,
        0.1154706837510509,
        0.3883835108466311,
        -0.008777885501110312,
        -0.4194329971631775,
        -0.30893687042970264,
        -0.007676613176544458,
        -0.037157571282210776,
        0.0056121145163955475
    ],
    "2": [
        -1.2101199380406016,
        0.008563370343885438,
        -0.0657892937149851,
        0.14623982349744213,
        -0.5627704701408965,
        -0.14309448954750068,
        0.15379899416592246,
        -0.08647930644084259,
        0.5223562849643006,
        -0.6306819444344386,
        -0.6955333480592477,
        -0.2064818952025834,
        -0.032675104583939456,
        -0.3164684372487085,
        0.6260009614914961,
        -0.035326324754057024,
        -0.008695275105191382,
        0.017970587824860523
    ],
    "3": [
        -0.7471744927956165,
        0.01624301120550935,
        0.060845679002592364,
        0.7656105630631529,
        0.7252536545554553,
        -0.7709108781688868,
        0.3990655108286816,
        -0.4752892809557354,
        -0.8093523579220891,
        0.4675050775612504,
        0.45300869984952613,
        -0.24070147156555347,
        0.01113493064256153,
        -0.045285534751515394,
        -0.3155760170435315,
        -0.021477413843497488,
        0.012682881354862762,
        0.0015489172874283987
    ]
}